age,sex,Incidence,mortality_uplift,condition,delta_incidence
18,2,9.38E-05,124.1176674,Stroke,-0.05
19,2,9.38E-05,125.9461476,Stroke,-0.05
20,2,9.38E-05,143.5939086,Stroke,-0.05
21,2,1.00E-04,224.3990239,Stroke,-0.05
22,2,1.00E-04,188.7707313,Stroke,-0.05
23,2,1.00E-04,218.8140483,Stroke,-0.05
24,2,1.00E-04,203.6177193,Stroke,-0.05
25,2,1.00E-04,174.5570106,Stroke,-0.05
26,2,1.28E-04,276.0951707,Stroke,-0.05
27,2,1.28E-04,240.9968213,Stroke,-0.05
28,2,1.28E-04,233.7728367,Stroke,-0.05
29,2,1.28E-04,219.8650257,Stroke,-0.05
30,2,1.28E-04,187.0937919,Stroke,-0.05
31,2,1.83E-04,223.6004479,Stroke,-0.05
32,2,1.83E-04,187.4342424,Stroke,-0.05
33,2,1.83E-04,173.6096694,Stroke,-0.05
34,2,1.83E-04,149.4002986,Stroke,-0.05
35,2,1.83E-04,146.4852928,Stroke,-0.05
36,2,2.64E-04,156.6068451,Stroke,-0.05
37,2,2.64E-04,135.3291135,Stroke,-0.05
38,2,2.64E-04,129.4732869,Stroke,-0.05
39,2,2.64E-04,123.951047,Stroke,-0.05
40,2,2.64E-04,115.5515644,Stroke,-0.05
41,2,3.76E-04,119.4928892,Stroke,-0.05
42,2,3.76E-04,106.6132273,Stroke,-0.05
43,2,3.76E-04,98.24873322,Stroke,-0.05
44,2,3.76E-04,86.95291883,Stroke,-0.05
45,2,3.76E-04,79.85588883,Stroke,-0.05
46,2,5.18E-04,83.98177813,Stroke,-0.05
47,2,5.18E-04,77.26159813,Stroke,-0.05
48,2,5.18E-04,68.12148051,Stroke,-0.05
49,2,5.18E-04,64.94772841,Stroke,-0.05
50,2,5.18E-04,59.99215039,Stroke,-0.05
51,2,6.89E-04,65.44001619,Stroke,-0.05
52,2,6.89E-04,62.17430108,Stroke,-0.05
53,2,6.89E-04,58.15988013,Stroke,-0.05
54,2,6.89E-04,55.05599383,Stroke,-0.05
55,2,6.89E-04,49.54426805,Stroke,-0.05
56,2,8.88E-04,50.76414595,Stroke,-0.05
57,2,8.88E-04,47.26500167,Stroke,-0.05
58,2,8.88E-04,42.57256563,Stroke,-0.05
59,2,8.88E-04,40.04964331,Stroke,-0.05
60,2,8.88E-04,35.70563183,Stroke,-0.05
61,2,0.001184967,40.02463356,Stroke,-0.05
62,2,0.001184967,34.94861466,Stroke,-0.05
63,2,0.001184967,32.94048777,Stroke,-0.05
64,2,0.001184967,30.85046008,Stroke,-0.05
65,2,0.001184967,28.13017334,Stroke,-0.05
66,2,0.001579411,33.40424176,Stroke,-0.05
67,2,0.001579411,30.80753346,Stroke,-0.05
68,2,0.001579411,27.5202559,Stroke,-0.05
69,2,0.001579411,25.96492899,Stroke,-0.05
70,2,0.001579411,23.02811452,Stroke,-0.05
71,2,0.002450609,30.42373659,Stroke,-0.05
72,2,0.002450609,26.92436877,Stroke,-0.05
73,2,0.002450609,24.16750933,Stroke,-0.05
74,2,0.002450609,21.3699233,Stroke,-0.05
75,2,0.002450609,19.5092931,Stroke,-0.05
76,2,0.003803659,3,Stroke,-0.05
77,2,0.003803659,3,Stroke,-0.05
78,2,0.003803659,3,Stroke,-0.05
79,2,0.003803659,3,Stroke,-0.05
80,2,0.003803659,3,Stroke,-0.05
81,2,0.006406636,2,Stroke,-0.05
82,2,0.006406636,2,Stroke,-0.05
83,2,0.006406636,2,Stroke,-0.05
84,2,0.006406636,2,Stroke,-0.05
85,2,0.006406636,1.5,Stroke,-0.05
86,2,0.010248823,1.5,Stroke,-0.05
87,2,0.010248823,1.5,Stroke,-0.05
88,2,0.010248823,1.5,Stroke,-0.05
89,2,0.010248823,1.5,Stroke,-0.05
90,2,0.010248823,1.5,Stroke,-0.05
91,2,0.014069076,1.5,Stroke,-0.05
92,2,0.014069076,1.5,Stroke,-0.05
93,2,0.014069076,1.5,Stroke,-0.05
94,2,0.014069076,1.5,Stroke,-0.05
95,2,0.014069076,1.5,Stroke,-0.05
96,2,0.017778574,1.5,Stroke,-0.05
97,2,0.017778574,1.5,Stroke,-0.05
98,2,0.017778574,1.5,Stroke,-0.05
99,2,0.017778574,1.5,Stroke,-0.05
100,2,0.017778574,1.5,Stroke,-0.05
18,1,6.66E-05,116.9290169,Stroke,-0.05
19,1,6.66E-05,105.1964417,Stroke,-0.05
20,1,6.66E-05,83.52199101,Stroke,-0.05
21,1,7.44E-05,188.3929374,Stroke,-0.05
22,1,7.44E-05,192.4403011,Stroke,-0.05
23,1,7.44E-05,186.4327603,Stroke,-0.05
24,1,7.44E-05,173.4452518,Stroke,-0.05
25,1,7.44E-05,165.1423322,Stroke,-0.05
26,1,9.73E-05,235.7123954,Stroke,-0.05
27,1,9.73E-05,228.4904755,Stroke,-0.05
28,1,9.73E-05,212.5769924,Stroke,-0.05
29,1,9.73E-05,203.5600125,Stroke,-0.05
30,1,9.73E-05,183.3040112,Stroke,-0.05
31,1,1.43E-04,184.3533027,Stroke,-0.05
32,1,1.43E-04,185.0630574,Stroke,-0.05
33,1,1.43E-04,161.6406188,Stroke,-0.05
34,1,1.43E-04,156.5603811,Stroke,-0.05
35,1,1.43E-04,145.0897671,Stroke,-0.05
36,1,2.11E-04,143.6415108,Stroke,-0.05
37,1,2.11E-04,119.3572759,Stroke,-0.05
38,1,2.11E-04,121.9553624,Stroke,-0.05
39,1,2.11E-04,110.4739483,Stroke,-0.05
40,1,2.11E-04,101.1178303,Stroke,-0.05
41,1,3.36E-04,101.4498174,Stroke,-0.05
42,1,3.36E-04,93.14721318,Stroke,-0.05
43,1,3.36E-04,85.29654539,Stroke,-0.05
44,1,3.36E-04,77.33023734,Stroke,-0.05
45,1,3.36E-04,69.62111497,Stroke,-0.05
46,1,5.17E-04,66.08156981,Stroke,-0.05
47,1,5.17E-04,61.19675145,Stroke,-0.05
48,1,5.17E-04,56.99401634,Stroke,-0.05
49,1,5.17E-04,51.49253747,Stroke,-0.05
50,1,5.17E-04,47.37822148,Stroke,-0.05
51,1,7.62E-04,47.5941945,Stroke,-0.05
52,1,7.62E-04,44.87223773,Stroke,-0.05
53,1,7.62E-04,41.21023425,Stroke,-0.05
54,1,7.62E-04,38.55823802,Stroke,-0.05
55,1,7.62E-04,36.18395497,Stroke,-0.05
56,1,0.001069025,37.25151518,Stroke,-0.05
57,1,0.001069025,34.4411291,Stroke,-0.05
58,1,0.001069025,31.15494732,Stroke,-0.05
59,1,0.001069025,28.96030155,Stroke,-0.05
60,1,0.001069025,26.55218516,Stroke,-0.05
61,1,0.001441631,29.45616757,Stroke,-0.05
62,1,0.001441631,26.48486534,Stroke,-0.05
63,1,0.001441631,24.33590104,Stroke,-0.05
64,1,0.001441631,22.70588239,Stroke,-0.05
65,1,0.001441631,20.46633016,Stroke,-0.05
66,1,0.001878009,24.19741603,Stroke,-0.05
67,1,0.001878009,22.63379782,Stroke,-0.05
68,1,0.001878009,20.49173079,Stroke,-0.05
69,1,0.001878009,18.75276157,Stroke,-0.05
70,1,0.001878009,17.6537946,Stroke,-0.05
71,1,0.002601358,23.8872964,Stroke,-0.05
72,1,0.002601358,21.99680881,Stroke,-0.05
73,1,0.002601358,19.35698272,Stroke,-0.05
74,1,0.002601358,17.6440409,Stroke,-0.05
75,1,0.002601358,3,Stroke,-0.05
76,1,0.003620434,3,Stroke,-0.05
77,1,0.003620434,3,Stroke,-0.05
78,1,0.003620434,3,Stroke,-0.05
79,1,0.003620434,3,Stroke,-0.05
80,1,0.003620434,3,Stroke,-0.05
81,1,0.005526776,2,Stroke,-0.05
82,1,0.005526776,2,Stroke,-0.05
83,1,0.005526776,2,Stroke,-0.05
84,1,0.005526776,2,Stroke,-0.05
85,1,0.005526776,1.5,Stroke,-0.05
86,1,0.008302613,1.5,Stroke,-0.05
87,1,0.008302613,1.5,Stroke,-0.05
88,1,0.008302613,1.5,Stroke,-0.05
89,1,0.008302613,1.5,Stroke,-0.05
90,1,0.008302613,1.5,Stroke,-0.05
91,1,0.011064041,1.5,Stroke,-0.05
92,1,0.011064041,1.5,Stroke,-0.05
93,1,0.011064041,1.5,Stroke,-0.05
94,1,0.011064041,1.5,Stroke,-0.05
95,1,0.011064041,1.5,Stroke,-0.05
96,1,0.013727256,1.5,Stroke,-0.05
97,1,0.013727256,1.5,Stroke,-0.05
98,1,0.013727256,1.5,Stroke,-0.05
99,1,0.013727256,1.5,Stroke,-0.05
100,1,0.013727256,1.5,Stroke,-0.05
18,2,0,0.801109466,Diabetes,-0.04
19,2,0,0.813007131,Diabetes,-0.04
20,2,1.00E-04,0.927838647,Diabetes,-0.04
21,2,1.00E-04,0.882980806,Diabetes,-0.04
22,2,1.00E-04,0.742160592,Diabetes,-0.04
23,2,1.00E-04,0.860906286,Diabetes,-0.04
24,2,1.00E-04,0.800843057,Diabetes,-0.04
25,2,2.00E-04,0.685981105,Diabetes,-0.04
26,2,2.00E-04,1.083706978,Diabetes,-0.04
27,2,2.00E-04,0.945440915,Diabetes,-0.04
28,2,2.00E-04,0.916982828,Diabetes,-0.04
29,2,2.00E-04,0.862194545,Diabetes,-0.04
30,2,3.00E-04,0.733095897,Diabetes,-0.04
31,2,3.00E-04,1.714052639,Diabetes,-0.04
32,2,3.00E-04,1.435568114,Diabetes,-0.04
33,2,3.00E-04,1.329117089,Diabetes,-0.04
34,2,3.00E-04,1.142701759,Diabetes,-0.04
35,2,5.00E-04,1.120255832,Diabetes,-0.04
36,2,5.00E-04,1.142356456,Diabetes,-0.04
37,2,5.00E-04,0.986150255,Diabetes,-0.04
38,2,5.00E-04,0.943160878,Diabetes,-0.04
39,2,5.00E-04,0.902620461,Diabetes,-0.04
40,2,7.00E-04,0.840957344,Diabetes,-0.04
41,2,7.00E-04,0.939550832,Diabetes,-0.04
42,2,7.00E-04,0.837425742,Diabetes,-0.04
43,2,7.00E-04,0.771102206,Diabetes,-0.04
44,2,7.00E-04,0.681535719,Diabetes,-0.04
45,2,0.001,0.625262128,Diabetes,-0.04
46,2,0.001,1.334478258,Diabetes,-0.04
47,2,0.001,1.226407133,Diabetes,-0.04
48,2,0.001,1.079419584,Diabetes,-0.04
49,2,0.001,1.028380629,Diabetes,-0.04
50,2,0.0018,0.948687096,Diabetes,-0.04
51,2,0.0018,1.112466637,Diabetes,-0.04
52,2,0.0018,1.056088639,Diabetes,-0.04
53,2,0.0018,0.986785283,Diabetes,-0.04
54,2,0.0018,0.933201033,Diabetes,-0.04
55,2,0.0028,0.838048806,Diabetes,-0.04
56,2,0.0028,1.251296342,Diabetes,-0.04
57,2,0.0028,1.163311984,Diabetes,-0.04
58,2,0.0028,1.045322859,Diabetes,-0.04
59,2,0.0028,0.981885149,Diabetes,-0.04
60,2,0.004,0.872656997,Diabetes,-0.04
61,2,0.004,0.990254818,Diabetes,-0.04
62,2,0.004,0.861450222,Diabetes,-0.04
63,2,0.004,0.810493758,Diabetes,-0.04
64,2,0.004,0.757459052,Diabetes,-0.04
65,2,0.0045,0.688431445,Diabetes,-0.04
66,2,0.0045,0.683214712,Diabetes,-0.04
67,2,0.0045,0.62846542,Diabetes,-0.04
68,2,0.0045,0.559156086,Diabetes,-0.04
69,2,0.0045,0.526363397,Diabetes,-0.04
70,2,0.0046,0.464443267,Diabetes,-0.04
71,2,0.0046,0.967508887,Diabetes,-0.04
72,2,0.0046,0.852442962,Diabetes,-0.04
73,2,0.0046,0.761792137,Diabetes,-0.04
74,2,0.0046,0.669802143,Diabetes,-0.04
75,2,0.0055,0.608621054,Diabetes,-0.04
76,2,0.0055,1.5,Diabetes,-0.04
77,2,0.0055,1.773624251,Diabetes,-0.04
78,2,0.0055,1.581926688,Diabetes,-0.04
79,2,0.0055,1.382524926,Diabetes,-0.04
80,2,0.0051,1.245586471,Diabetes,-0.04
81,2,0.0051,1.245586471,Diabetes,-0.04
82,2,0.0051,1.245586471,Diabetes,-0.04
83,2,0.0051,1.245586471,Diabetes,-0.04
84,2,0.0051,1.245586471,Diabetes,-0.04
85,2,0.0045,1.245586471,Diabetes,-0.04
86,2,0.0045,1.245586471,Diabetes,-0.04
87,2,0.0045,1.245586471,Diabetes,-0.04
88,2,0.0045,1.245586471,Diabetes,-0.04
89,2,0.0045,1.245586471,Diabetes,-0.04
90,2,0.0032,1.245586471,Diabetes,-0.04
91,2,0.0032,1.245586471,Diabetes,-0.04
92,2,0.0032,1.245586471,Diabetes,-0.04
93,2,0.0032,1.245586471,Diabetes,-0.04
94,2,0.0032,1.245586471,Diabetes,-0.04
95,2,0.0032,1.245586471,Diabetes,-0.04
96,2,0.0032,1.245586471,Diabetes,-0.04
97,2,0.0032,1.245586471,Diabetes,-0.04
98,2,0.0032,1.245586471,Diabetes,-0.04
99,2,0.0032,1.245586471,Diabetes,-0.04
100,2,0.0032,1.245586471,Diabetes,-0.04
18,1,1.00E-04,0.164652478,Diabetes,-0.04
19,1,1.00E-04,0.147988854,Diabetes,-0.04
20,1,1.00E-04,0.117204913,Diabetes,-0.04
21,1,1.00E-04,0.090937064,Diabetes,-0.04
22,1,1.00E-04,0.092901148,Diabetes,-0.04
23,1,1.00E-04,0.08998584,Diabetes,-0.04
24,1,1.00E-04,0.08368333,Diabetes,-0.04
25,1,1.00E-04,0.079654132,Diabetes,-0.04
26,1,1.00E-04,0.113315198,Diabetes,-0.04
27,1,1.00E-04,0.109828577,Diabetes,-0.04
28,1,1.00E-04,0.102145815,Diabetes,-0.04
29,1,1.00E-04,0.097792568,Diabetes,-0.04
30,1,3.00E-04,0.088013312,Diabetes,-0.04
31,1,3.00E-04,0.539254613,Diabetes,-0.04
32,1,3.00E-04,0.54134205,Diabetes,-0.04
33,1,3.00E-04,0.472455055,Diabetes,-0.04
34,1,3.00E-04,0.457513728,Diabetes,-0.04
35,1,5.00E-04,0.423777868,Diabetes,-0.04
36,1,5.00E-04,0.650458231,Diabetes,-0.04
37,1,5.00E-04,0.539719916,Diabetes,-0.04
38,1,5.00E-04,0.551567426,Diabetes,-0.04
39,1,5.00E-04,0.499211137,Diabetes,-0.04
40,1,0.0011,0.456546389,Diabetes,-0.04
41,1,0.0011,0.634855084,Diabetes,-0.04
42,1,0.0011,0.582381614,Diabetes,-0.04
43,1,0.0011,0.532764437,Diabetes,-0.04
44,1,0.0011,0.4824164,Diabetes,-0.04
45,1,0.0018,0.433693807,Diabetes,-0.04
46,1,0.0018,1.332321118,Diabetes,-0.04
47,1,0.0018,1.232321276,Diabetes,-0.04
48,1,0.0018,1.146284742,Diabetes,-0.04
49,1,0.0018,1.033660899,Diabetes,-0.04
50,1,0.0028,0.949434441,Diabetes,-0.04
51,1,0.0028,1.031440341,Diabetes,-0.04
52,1,0.0028,0.97118528,Diabetes,-0.04
53,1,0.0028,0.890120715,Diabetes,-0.04
54,1,0.0028,0.831414348,Diabetes,-0.04
55,1,0.0042,0.778855625,Diabetes,-0.04
56,1,0.0042,0.939389763,Diabetes,-0.04
57,1,0.0042,0.866563899,Diabetes,-0.04
58,1,0.0042,0.781408685,Diabetes,-0.04
59,1,0.0042,0.724538572,Diabetes,-0.04
60,1,0.0058,0.662136769,Diabetes,-0.04
61,1,0.0058,0.935633032,Diabetes,-0.04
62,1,0.0058,0.837937216,Diabetes,-0.04
63,1,0.0058,0.767279705,Diabetes,-0.04
64,1,0.0058,0.713685021,Diabetes,-0.04
65,1,0.0062,0.640048997,Diabetes,-0.04
66,1,0.0062,0.884807262,Diabetes,-0.04
67,1,0.0062,0.825166966,Diabetes,-0.04
68,1,0.0062,0.743463192,Diabetes,-0.04
69,1,0.0062,0.677134571,Diabetes,-0.04
70,1,0.0062,0.635217232,Diabetes,-0.04
71,1,0.0062,1.329490311,Diabetes,-0.04
72,1,0.0062,1.219674592,Diabetes,-0.04
73,1,0.0062,1.06633087,Diabetes,-0.04
74,1,0.0062,0.96682853,Diabetes,-0.04
75,1,0.0068,0.858655563,Diabetes,-0.04
76,1,0.0068,1,Diabetes,-0.04
77,1,0.0068,1,Diabetes,-0.04
78,1,0.0068,1,Diabetes,-0.04
79,1,0.0068,1,Diabetes,-0.04
80,1,0.0064,1.245586471,Diabetes,-0.04
81,1,0.0064,1.245586471,Diabetes,-0.04
82,1,0.0064,1.245586471,Diabetes,-0.04
83,1,0.0064,1.245586471,Diabetes,-0.04
84,1,0.0064,1.245586471,Diabetes,-0.04
85,1,0.0045,1.245586471,Diabetes,-0.04
86,1,0.0045,1.245586471,Diabetes,-0.04
87,1,0.0045,1.245586471,Diabetes,-0.04
88,1,0.0045,1.245586471,Diabetes,-0.04
89,1,0.0045,1.245586471,Diabetes,-0.04
90,1,0.0036,1.245586471,Diabetes,-0.04
91,1,0.0036,1.245586471,Diabetes,-0.04
92,1,0.0036,1.245586471,Diabetes,-0.04
93,1,0.0036,1.245586471,Diabetes,-0.04
94,1,0.0036,1.245586471,Diabetes,-0.04
95,1,0.0036,1.245586471,Diabetes,-0.04
96,1,0.0036,1.245586471,Diabetes,-0.04
97,1,0.0036,1.245586471,Diabetes,-0.04
98,1,0.0036,1.245586471,Diabetes,-0.04
99,1,0.0036,1.245586471,Diabetes,-0.04
100,1,0.0036,1.245586471,Diabetes,-0.04
18,2,6.58E-05,39.82457695,CHD,-0.04
19,2,6.58E-05,40.40117957,CHD,-0.04
20,2,2.07E-04,36.12659608,CHD,-0.04
21,2,2.07E-04,32.88414106,CHD,-0.04
22,2,2.07E-04,27.79917028,CHD,-0.04
23,2,2.07E-04,32.08703753,CHD,-0.04
24,2,2.07E-04,29.91817445,CHD,-0.04
25,2,3.58E-04,38.60308117,CHD,-0.04
26,2,3.58E-04,38.30582362,CHD,-0.04
27,2,3.58E-04,33.54611509,CHD,-0.04
28,2,3.58E-04,32.56646614,CHD,-0.04
29,2,3.58E-04,30.68041942,CHD,-0.04
30,2,3.79E-04,68.3772474,CHD,-0.04
31,2,3.79E-04,69.84997412,CHD,-0.04
32,2,3.79E-04,58.66382271,CHD,-0.04
33,2,3.79E-04,54.38790366,CHD,-0.04
34,2,3.79E-04,46.89998274,CHD,-0.04
35,2,2.70E-04,142.6368231,CHD,-0.04
36,2,2.70E-04,127.9065935,CHD,-0.04
37,2,2.70E-04,110.5533439,CHD,-0.04
38,2,2.70E-04,105.7775706,CHD,-0.04
39,2,2.70E-04,101.2738571,CHD,-0.04
40,2,3.69E-04,133.3788142,CHD,-0.04
41,2,3.69E-04,120.1830469,CHD,-0.04
42,2,3.69E-04,107.2283679,CHD,-0.04
43,2,3.69E-04,98.81515514,CHD,-0.04
44,2,3.69E-04,87.45354866,CHD,-0.04
45,2,6.77E-04,83.59638778,CHD,-0.04
46,2,6.77E-04,77.39626729,CHD,-0.04
47,2,6.77E-04,71.20940701,CHD,-0.04
48,2,6.77E-04,62.79465759,CHD,-0.04
49,2,6.77E-04,59.87277741,CHD,-0.04
50,2,0.001211986,59.70764147,CHD,-0.04
51,2,0.001211986,54.17989381,CHD,-0.04
52,2,0.001211986,51.48482337,CHD,-0.04
53,2,0.001211986,48.17187448,CHD,-0.04
54,2,0.001211986,45.61035521,CHD,-0.04
55,2,0.001973626,42.9926328,CHD,-0.04
56,2,0.001973626,38.70620824,CHD,-0.04
57,2,0.001973626,36.0549126,CHD,-0.04
58,2,0.001973626,32.49946185,CHD,-0.04
59,2,0.001973626,30.58784792,CHD,-0.04
60,2,0.00295248,34.84518943,CHD,-0.04
61,2,0.00295248,32.46778951,CHD,-0.04
62,2,0.00295248,28.37470574,CHD,-0.04
63,2,0.00295248,26.75543841,CHD,-0.04
64,2,0.00295248,25.07012979,CHD,-0.04
65,2,0.004143293,27.83009549,CHD,-0.04
66,2,0.004143293,25.74331029,CHD,-0.04
67,2,0.004143293,23.76050941,CHD,-0.04
68,2,0.004143293,21.25040196,CHD,-0.04
69,2,0.004143293,20.06278163,CHD,-0.04
70,2,0.006188755,22.56991165,CHD,-0.04
71,2,0.006188755,21.32232194,CHD,-0.04
72,2,0.006188755,18.90538624,CHD,-0.04
73,2,0.006188755,17.0012846,CHD,-0.04
74,2,0.006188755,15.06905401,CHD,-0.04
75,2,0.009114447,18.18717272,CHD,-0.04
76,2,0.009114447,16.24441382,CHD,-0.04
77,2,0.009114447,14.27263627,CHD,-0.04
78,2,0.009114447,12.8380979,CHD,-0.04
79,2,0.009114447,11.34590639,CHD,-0.04
80,2,0.012860722,3,CHD,-0.04
81,2,0.012860722,3,CHD,-0.04
82,2,0.012860722,3,CHD,-0.04
83,2,0.012860722,3,CHD,-0.04
84,2,0.012860722,3,CHD,-0.04
85,2,0.017345255,2,CHD,-0.04
86,2,0.017345255,2,CHD,-0.04
87,2,0.017345255,2,CHD,-0.04
88,2,0.017345255,2,CHD,-0.04
89,2,0.017345255,2,CHD,-0.04
90,2,0.019331396,1.5,CHD,-0.04
91,2,0.019331396,1.5,CHD,-0.04
92,2,0.019331396,1.5,CHD,-0.04
93,2,0.019331396,1.5,CHD,-0.04
94,2,0.019331396,1.5,CHD,-0.04
95,2,0.018776707,1.5,CHD,-0.04
96,2,0.018776707,1.5,CHD,-0.04
97,2,0.018776707,1.5,CHD,-0.04
98,2,0.018776707,1.5,CHD,-0.04
99,2,0.018776707,1.5,CHD,-0.04
100,2,0.018776707,1.5,CHD,-0.04
18,1,4.90E-05,62.76574228,CHD,-0.04
19,1,4.90E-05,56.5147515,CHD,-0.04
20,1,1.63E-04,56.33899832,CHD,-0.04
21,1,1.63E-04,62.3057825,CHD,-0.04
22,1,1.63E-04,63.62988147,CHD,-0.04
23,1,1.63E-04,61.66450862,CHD,-0.04
24,1,1.63E-04,57.41563253,CHD,-0.04
25,1,2.91E-04,133.4433736,CHD,-0.04
26,1,2.91E-04,127.1365463,CHD,-0.04
27,1,2.91E-04,123.2554218,CHD,-0.04
28,1,2.91E-04,114.7033732,CHD,-0.04
29,1,2.91E-04,109.8575674,CHD,-0.04
30,1,4.44E-04,157.2206739,CHD,-0.04
31,1,4.44E-04,147.5823804,CHD,-0.04
32,1,4.44E-04,148.1497961,CHD,-0.04
33,1,4.44E-04,129.4246531,CHD,-0.04
34,1,4.44E-04,125.363241,CHD,-0.04
35,1,6.20E-04,163.671882,CHD,-0.04
36,1,6.20E-04,155.4057173,CHD,-0.04
37,1,6.20E-04,129.118666,CHD,-0.04
38,1,6.20E-04,131.931027,CHD,-0.04
39,1,6.20E-04,119.5026955,CHD,-0.04
40,1,0.001414388,93.07109076,CHD,-0.04
41,1,0.001414388,87.8132239,CHD,-0.04
42,1,0.001414388,80.63774206,CHD,-0.04
43,1,0.001414388,73.85284391,CHD,-0.04
44,1,0.001414388,66.96800427,CHD,-0.04
45,1,0.002831483,53.35604278,CHD,-0.04
46,1,0.002831483,50.50220931,CHD,-0.04
47,1,0.002831483,46.78672885,CHD,-0.04
48,1,0.002831483,43.59005314,CHD,-0.04
49,1,0.002831483,39.40552964,CHD,-0.04
50,1,0.004698395,42.33416529,CHD,-0.04
51,1,0.004698395,39.34412949,CHD,-0.04
52,1,0.004698395,37.10412805,CHD,-0.04
53,1,0.004698395,34.09052653,CHD,-0.04
54,1,0.004698395,31.90809826,CHD,-0.04
55,1,0.007013036,32.75674847,CHD,-0.04
56,1,0.007013036,29.60799604,CHD,-0.04
57,1,0.007013036,27.39017112,CHD,-0.04
58,1,0.007013036,24.79687054,CHD,-0.04
59,1,0.007013036,23.06495899,CHD,-0.04
60,1,0.008904277,26.44624748,CHD,-0.04
61,1,0.008904277,24.44807434,CHD,-0.04
62,1,0.008904277,21.99970123,CHD,-0.04
63,1,0.008904277,20.22894013,CHD,-0.04
64,1,0.008904277,18.88579374,CHD,-0.04
65,1,0.010364476,21.58887508,CHD,-0.04
66,1,0.010364476,19.65771316,CHD,-0.04
67,1,0.010364476,18.40009291,CHD,-0.04
68,1,0.010364476,16.6772255,CHD,-0.04
69,1,0.010364476,15.27857019,CHD,-0.04
70,1,0.012796664,18.44264058,CHD,-0.04
71,1,0.012796664,17.10901876,CHD,-0.04
72,1,0.012796664,15.77841599,CHD,-0.04
73,1,0.012796664,13.92039802,CHD,-0.04
74,1,0.012796664,12.71475925,CHD,-0.04
75,1,0.016243756,14.53395626,CHD,-0.04
76,1,0.016243756,13.16791714,CHD,-0.04
77,1,0.016243756,11.84053052,CHD,-0.04
78,1,0.016243756,10.62734185,CHD,-0.04
79,1,0.016243756,9.673528227,CHD,-0.04
80,1,0.020538981,3,CHD,-0.04
81,1,0.020538981,3,CHD,-0.04
82,1,0.020538981,3,CHD,-0.04
83,1,0.020538981,3,CHD,-0.04
84,1,0.020538981,3,CHD,-0.04
85,1,0.025575441,2,CHD,-0.04
86,1,0.025575441,2,CHD,-0.04
87,1,0.025575441,2,CHD,-0.04
88,1,0.025575441,2,CHD,-0.04
89,1,0.025575441,2,CHD,-0.04
90,1,0.026803482,1.51,CHD,-0.04
91,1,0.026803482,1.5,CHD,-0.04
92,1,0.026803482,1.5,CHD,-0.04
93,1,0.026803482,1.5,CHD,-0.04
94,1,0.026803482,1.5,CHD,-0.04
95,1,0.024216555,1.5,CHD,-0.04
96,1,0.024216555,1.5,CHD,-0.04
97,1,0.024216555,1.5,CHD,-0.04
98,1,0.024216555,1.5,CHD,-0.04
99,1,0.024216555,1.5,CHD,-0.04
100,1,0.024216555,1.5,CHD,-0.04
18,1,5.00E-06,181.3197662,Colorectal,-0.04
19,1,5.00E-06,163.0705369,Colorectal,-0.04
20,1,9.00E-06,129.3573909,Colorectal,-0.04
21,1,9.00E-06,143.1971941,Colorectal,-0.04
22,1,9.00E-06,146.2684078,Colorectal,-0.04
23,1,9.00E-06,141.7097758,Colorectal,-0.04
24,1,9.00E-06,131.8546164,Colorectal,-0.04
25,1,2.70E-05,125.5542089,Colorectal,-0.04
26,1,2.70E-05,119.6230561,Colorectal,-0.04
27,1,2.70E-05,115.9731159,Colorectal,-0.04
28,1,2.70E-05,107.9304814,Colorectal,-0.04
29,1,2.70E-05,103.3733224,Colorectal,-0.04
30,1,6.30E-05,93.13599015,Colorectal,-0.04
31,1,6.30E-05,87.45150747,Colorectal,-0.04
32,1,6.30E-05,87.78615847,Colorectal,-0.04
33,1,6.30E-05,76.74242434,Colorectal,-0.04
34,1,6.30E-05,74.34708049,Colorectal,-0.04
35,1,1.16E-04,68.9386594,Colorectal,-0.04
36,1,1.16E-04,65.48635936,Colorectal,-0.04
37,1,1.16E-04,54.50777471,Colorectal,-0.04
38,1,1.16E-04,55.68233562,Colorectal,-0.04
39,1,1.16E-04,50.49173864,Colorectal,-0.04
40,1,1.45E-04,46.26196017,Colorectal,-0.04
41,1,1.45E-04,43.67720356,Colorectal,-0.04
42,1,1.45E-04,40.14975134,Colorectal,-0.04
43,1,1.45E-04,36.81430927,Colorectal,-0.04
44,1,1.45E-04,33.42973617,Colorectal,-0.04
45,1,2.44E-04,30.15443121,Colorectal,-0.04
46,1,2.44E-04,28.56527574,Colorectal,-0.04
47,1,2.44E-04,26.49631267,Colorectal,-0.04
48,1,2.44E-04,24.7162457,Colorectal,-0.04
49,1,2.44E-04,22.38609628,Colorectal,-0.04
50,1,4.71E-04,25.43966037,Colorectal,-0.04
51,1,4.71E-04,23.67174129,Colorectal,-0.04
52,1,4.71E-04,22.34729518,Colorectal,-0.04
53,1,4.71E-04,20.56544239,Colorectal,-0.04
54,1,4.71E-04,19.27503759,Colorectal,-0.04
55,1,8.77E-04,18.11976209,Colorectal,-0.04
56,1,8.77E-04,16.42229951,Colorectal,-0.04
57,1,8.77E-04,15.22669111,Colorectal,-0.04
58,1,8.77E-04,13.82866735,Colorectal,-0.04
59,1,8.77E-04,12.89501025,Colorectal,-0.04
60,1,0.001514,11.68684314,Colorectal,-0.04
61,1,0.001514,10.84765603,Colorectal,-0.04
62,1,0.001514,9.819395204,Colorectal,-0.04
63,1,0.001514,9.075715958,Colorectal,-0.04
64,1,0.001514,8.511625134,Colorectal,-0.04
65,1,0.001983,7.736596665,Colorectal,-0.04
66,1,0.001983,7.104728292,Colorectal,-0.04
67,1,0.001983,6.693240032,Colorectal,-0.04
68,1,0.001983,6.129524783,Colorectal,-0.04
69,1,0.001983,5.671890423,Colorectal,-0.04
70,1,0.002735,5.115258364,Colorectal,-0.04
71,1,0.002735,4.800615732,Colorectal,-0.04
72,1,0.002735,4.486685387,Colorectal,-0.04
73,1,0.002735,4.048321485,Colorectal,-0.04
74,1,0.002735,3.763874012,Colorectal,-0.04
75,1,0.003517,3.454639808,Colorectal,-0.04
76,1,0.003517,3.206882689,Colorectal,-0.04
77,1,0.003517,2.966135935,Colorectal,-0.04
78,1,0.003517,2.746101147,Colorectal,-0.04
79,1,0.003517,2.573108945,Colorectal,-0.04
80,1,0.004647,2.781254933,Colorectal,-0.04
81,1,0.004647,2.606138523,Colorectal,-0.04
82,1,0.004647,2.441660149,Colorectal,-0.04
83,1,0.004647,2.290709717,Colorectal,-0.04
84,1,0.004647,2.141834873,Colorectal,-0.04
85,1,0.00503,2.017978879,Colorectal,-0.04
86,1,0.00503,1.898093765,Colorectal,-0.04
87,1,0.00503,1.805795693,Colorectal,-0.04
88,1,0.00503,1.718136824,Colorectal,-0.04
89,1,0.00503,1.639665369,Colorectal,-0.04
90,1,0.004435,1.604897472,Colorectal,-0.04
91,1,0.004435,1.539807811,Colorectal,-0.04
92,1,0.004435,1.493459454,Colorectal,-0.04
93,1,0.004435,1.44073864,Colorectal,-0.04
94,1,0.004435,1.401421172,Colorectal,-0.04
95,1,0.004435,1.36353611,Colorectal,-0.04
96,1,0.004435,1.335111859,Colorectal,-0.04
97,1,0.004435,1.311959545,Colorectal,-0.04
98,1,0.004435,1.292397575,Colorectal,-0.04
99,1,0.004435,1.261086758,Colorectal,-0.04
100,1,0.004435,1.246685021,Colorectal,-0.04
101,1,0.004435,NA,Colorectal,-0.04
102,1,0.004435,NA,Colorectal,-0.04
103,1,0.004435,NA,Colorectal,-0.04
104,1,0.004435,NA,Colorectal,-0.04
105,1,0.004435,NA,Colorectal,-0.04
106,1,0.004435,NA,Colorectal,-0.04
107,1,0.004435,NA,Colorectal,-0.04
108,1,0.004435,NA,Colorectal,-0.04
109,1,0.004435,NA,Colorectal,-0.04
110,1,0.004435,NA,Colorectal,-0.04
111,1,0.004435,NA,Colorectal,-0.04
112,1,0.004435,NA,Colorectal,-0.04
113,1,0.004435,NA,Colorectal,-0.04
114,1,0.004435,NA,Colorectal,-0.04
115,1,0.004435,NA,Colorectal,-0.04
116,1,0.004435,NA,Colorectal,-0.04
117,1,0.004435,NA,Colorectal,-0.04
118,1,0.004435,NA,Colorectal,-0.04
119,1,0.004435,NA,Colorectal,-0.04
120,1,0.004435,NA,Colorectal,-0.04
18,2,1.00E-05,329.0940137,Colorectal,-0.04
19,2,1.00E-05,333.9666971,Colorectal,-0.04
20,2,1.50E-05,380.9958916,Colorectal,-0.04
21,2,1.50E-05,345.9193477,Colorectal,-0.04
22,2,1.50E-05,290.9106587,Colorectal,-0.04
23,2,1.50E-05,337.2963641,Colorectal,-0.04
24,2,1.50E-05,313.833827,Colorectal,-0.04
25,2,2.50E-05,268.9652303,Colorectal,-0.04
26,2,2.50E-05,266.8469281,Colorectal,-0.04
27,2,2.50E-05,232.9285269,Colorectal,-0.04
28,2,2.50E-05,225.9474007,Colorectal,-0.04
29,2,2.50E-05,212.5071472,Colorectal,-0.04
30,2,6.80E-05,180.8376278,Colorectal,-0.04
31,2,6.80E-05,184.7685049,Colorectal,-0.04
32,2,6.80E-05,154.9113794,Colorectal,-0.04
33,2,6.80E-05,143.4984593,Colorectal,-0.04
34,2,6.80E-05,123.5123366,Colorectal,-0.04
35,2,1.13E-04,121.1058443,Colorectal,-0.04
36,2,1.13E-04,108.6148365,Colorectal,-0.04
37,2,1.13E-04,93.89954808,Colorectal,-0.04
38,2,1.13E-04,89.84976593,Colorectal,-0.04
39,2,1.13E-04,86.03068623,Colorectal,-0.04
40,2,1.35E-04,99.56466091,Colorectal,-0.04
41,2,1.35E-04,89.73955155,Colorectal,-0.04
42,2,1.35E-04,80.09394812,Colorectal,-0.04
43,2,1.35E-04,73.8297625,Colorectal,-0.04
44,2,1.35E-04,65.37030547,Colorectal,-0.04
45,2,2.16E-04,60.05532612,Colorectal,-0.04
46,2,2.16E-04,55.62232188,Colorectal,-0.04
47,2,2.16E-04,51.19879851,Colorectal,-0.04
48,2,2.16E-04,45.18236384,Colorectal,-0.04
49,2,2.16E-04,43.09325811,Colorectal,-0.04
50,2,3.71E-04,39.83127476,Colorectal,-0.04
51,2,3.71E-04,36.17503031,Colorectal,-0.04
52,2,3.71E-04,34.39241705,Colorectal,-0.04
53,2,3.71E-04,32.20111749,Colorectal,-0.04
54,2,3.71E-04,30.5068396,Colorectal,-0.04
55,2,6.06E-04,27.49822581,Colorectal,-0.04
56,2,6.06E-04,24.79340265,Colorectal,-0.04
57,2,6.06E-04,23.12037989,Colorectal,-0.04
58,2,6.06E-04,20.87681642,Colorectal,-0.04
59,2,6.06E-04,19.67054822,Colorectal,-0.04
60,2,9.10E-04,17.31317043,Colorectal,-0.04
61,2,9.10E-04,16.16727848,Colorectal,-0.04
62,2,9.10E-04,14.1944376,Colorectal,-0.04
63,2,9.10E-04,13.41396084,Colorectal,-0.04
64,2,9.10E-04,12.60165258,Colorectal,-0.04
65,2,0.001191,11.54438842,Colorectal,-0.04
66,2,0.001191,10.72426932,Colorectal,-0.04
67,2,0.001191,9.945016687,Colorectal,-0.04
68,2,0.001191,8.958529406,Colorectal,-0.04
69,2,0.001191,8.491787494,Colorectal,-0.04
70,2,0.001712,7.207112475,Colorectal,-0.04
71,2,0.001712,6.848097112,Colorectal,-0.04
72,2,0.001712,6.152582361,Colorectal,-0.04
73,2,0.001712,5.604644418,Colorectal,-0.04
74,2,0.001712,5.048611884,Colorectal,-0.04
75,2,0.002348,4.678803446,Colorectal,-0.04
76,2,0.002348,4.262968436,Colorectal,-0.04
77,2,0.002348,3.840922171,Colorectal,-0.04
78,2,0.002348,3.533868489,Colorectal,-0.04
79,2,0.002348,3.214474522,Colorectal,-0.04
80,2,0.003096,3.531748546,Colorectal,-0.04
81,2,0.003096,3.236821765,Colorectal,-0.04
82,2,0.003096,2.993821499,Colorectal,-0.04
83,2,0.003096,2.749682997,Colorectal,-0.04
84,2,0.003096,2.535515527,Colorectal,-0.04
85,2,0.00352,2.350010194,Colorectal,-0.04
86,2,0.00352,2.178771017,Colorectal,-0.04
87,2,0.00352,2.036854667,Colorectal,-0.04
88,2,0.00352,1.919431221,Colorectal,-0.04
89,2,0.00352,1.816780184,Colorectal,-0.04
90,2,0.00293,1.727630813,Colorectal,-0.04
91,2,0.00293,1.646103511,Colorectal,-0.04
92,2,0.00293,1.578031054,Colorectal,-0.04
93,2,0.00293,1.520801625,Colorectal,-0.04
94,2,0.00293,1.476042251,Colorectal,-0.04
95,2,0.00293,1.42960114,Colorectal,-0.04
96,2,0.00293,1.389399203,Colorectal,-0.04
97,2,0.00293,1.353713398,Colorectal,-0.04
98,2,0.00293,1.328393815,Colorectal,-0.04
99,2,0.00293,1.30695597,Colorectal,-0.04
100,2,0.00293,1.281014269,Colorectal,-0.04
18,2,0.000001,2361.97561,Lung,-0.03
19,2,0.000001,2397.039604,Lung,-0.03
20,2,0.000001,2735.463277,Lung,-0.03
21,2,0.000001,2483.051282,Lung,-0.03
22,2,0.000001,2087.206897,Lung,-0.03
23,2,0.000001,2421,Lung,-0.03
24,2,0.000001,2252.162791,Lung,-0.03
25,2,0.000006,1929.286853,Lung,-0.03
26,2,0.000006,1914.043478,Lung,-0.03
27,2,0.000006,1669.965517,Lung,-0.03
28,2,0.000006,1619.729097,Lung,-0.03
29,2,0.000006,1523.012579,Lung,-0.03
30,2,0.000011,1295.117647,Lung,-0.03
31,2,0.000011,1323.404372,Lung,-0.03
32,2,0.000011,1108.551487,Lung,-0.03
33,2,0.000011,1026.423729,Lung,-0.03
34,2,0.000011,882.6029144,Lung,-0.03
35,2,0.000024,865.2857143,Lung,-0.03
36,2,0.000024,775.4,Lung,-0.03
37,2,0.000024,669.5082873,Lung,-0.03
38,2,0.000024,640.3659181,Lung,-0.03
39,2,0.000024,612.8836915,Lung,-0.03
40,2,0.00006,274.262662,Lung,-0.03
41,2,0.00006,247.0233298,Lung,-0.03
42,2,0.00006,220.2816635,Lung,-0.03
43,2,0.00006,202.9147084,Lung,-0.03
44,2,0.00006,179.4615385,Lung,-0.03
45,2,0.000163,164.7261821,Lung,-0.03
46,2,0.000163,152.4360313,Lung,-0.03
47,2,0.000163,140.1721656,Lung,-0.03
48,2,0.000163,123.4920803,Lung,-0.03
49,2,0.000163,117.7002012,Lung,-0.03
50,2,0.000334,108.6566125,Lung,-0.03
51,2,0.000334,98.51996637,Lung,-0.03
52,2,0.000334,93.57781325,Lung,-0.03
53,2,0.000334,87.50260999,Lung,-0.03
54,2,0.000334,82.80535966,Lung,-0.03
55,2,0.000714,74.46421786,Lung,-0.03
56,2,0.000714,66.96531134,Lung,-0.03
57,2,0.000714,62.32698916,Lung,-0.03
58,2,0.000714,56.10688836,Lung,-0.03
59,2,0.000714,52.76260598,Lung,-0.03
60,2,0.00137,38.08110252,Lung,-0.03
61,2,0.00137,35.47640118,Lung,-0.03
62,2,0.00137,30.99198075,Lung,-0.03
63,2,0.00137,29.21789648,Lung,-0.03
64,2,0.00137,27.37145678,Lung,-0.03
65,2,0.002295,24.96821328,Lung,-0.03
66,2,0.002295,23.10401891,Lung,-0.03
67,2,0.002295,21.33271719,Lung,-0.03
68,2,0.002295,19.09035504,Lung,-0.03
69,2,0.002295,18.02941444,Lung,-0.03
70,2,0.00335,14.82081157,Lung,-0.03
71,2,0.00335,14.02142479,Lung,-0.03
72,2,0.00335,12.47278549,Lung,-0.03
73,2,0.00335,11.25274201,Lung,-0.03
74,2,0.00335,10.01467505,Lung,-0.03
75,2,0.004622,9.19125631,Lung,-0.03
76,2,0.004622,8.265354397,Lung,-0.03
77,2,0.004622,7.325622449,Lung,-0.03
78,2,0.004622,6.641934002,Lung,-0.03
79,2,0.004622,5.930768569,Lung,-0.03
80,2,0.005004,4.409267008,Lung,-0.03
81,2,0.005004,4.012116925,Lung,-0.03
82,2,0.005004,3.684891384,Lung,-0.03
83,2,0.005004,3.356133086,Lung,-0.03
84,2,0.005004,3.067733952,Lung,-0.03
85,2,0.005388,2.817931414,Lung,-0.03
86,2,0.005388,2.587339763,Lung,-0.03
87,2,0.005388,2.396234398,Lung,-0.03
88,2,0.005388,2.238111317,Lung,-0.03
89,2,0.005388,2.099880846,Lung,-0.03
90,2,0.005052,1.979831796,Lung,-0.03
91,2,0.005052,1.870046666,Lung,-0.03
92,2,0.005052,1.778379908,Lung,-0.03
93,2,0.005052,1.701314433,Lung,-0.03
94,2,0.005052,1.641041206,Lung,-0.03
95,2,0.005052,1.578503342,Lung,-0.03
96,2,0.005052,1.524367184,Lung,-0.03
97,2,0.005052,1.476312475,Lung,-0.03
98,2,0.005052,1.442216981,Lung,-0.03
99,2,0.005052,1.413348656,Lung,-0.03
100,2,0.005052,1.378415414,Lung,-0.03
18,1,0.000002,1135.048257,Lung,-0.03
19,1,0.000002,1020.277108,Lung,-0.03
20,1,0.000003,808.2519084,Lung,-0.03
21,1,0.000003,895.2917548,Lung,-0.03
22,1,0.000003,914.6069114,Lung,-0.03
23,1,0.000003,885.9372385,Lung,-0.03
24,1,0.000003,823.9571984,Lung,-0.03
25,1,0.000006,784.3333333,Lung,-0.03
26,1,0.000006,747.031746,Lung,-0.03
27,1,0.000006,724.0769231,Lung,-0.03
28,1,0.000006,673.4960254,Lung,-0.03
29,1,0.000006,644.8356164,Lung,-0.03
30,1,0.000009,580.4520548,Lung,-0.03
31,1,0.000009,544.7017995,Lung,-0.03
32,1,0.000009,546.8064516,Lung,-0.03
33,1,0.000009,477.3513514,Lung,-0.03
34,1,0.000009,462.2868048,Lung,-0.03
35,1,0.000023,428.2727273,Lung,-0.03
36,1,0.000023,406.5608821,Lung,-0.03
37,1,0.000023,337.5155131,Lung,-0.03
38,1,0.000023,344.902439,Lung,-0.03
39,1,0.000023,312.2582781,Lung,-0.03
40,1,0.000058,285.6567968,Lung,-0.03
41,1,0.000058,269.4010152,Lung,-0.03
42,1,0.000058,247.2165308,Lung,-0.03
43,1,0.000058,226.2396166,Lung,-0.03
44,1,0.000058,204.9537126,Lung,-0.03
45,1,0.000147,184.3550065,Lung,-0.03
46,1,0.000147,174.3606557,Lung,-0.03
47,1,0.000147,161.3487491,Lung,-0.03
48,1,0.000147,150.1537377,Lung,-0.03
49,1,0.000147,135.4992051,Lung,-0.03
50,1,0.000315,47.43691589,Lung,-0.03
51,1,0.000315,44.07775671,Lung,-0.03
52,1,0.000315,41.56122449,Lung,-0.03
53,1,0.000315,38.17559037,Lung,-0.03
54,1,0.000315,35.72373881,Lung,-0.03
55,1,0.000671,33.52864157,Lung,-0.03
56,1,0.000671,30.30335422,Lung,-0.03
57,1,0.000671,28.0316219,Lung,-0.03
58,1,0.000671,25.37528744,Lung,-0.03
59,1,0.000671,23.60127932,Lung,-0.03
60,1,0.001249,18.01740712,Lung,-0.03
61,1,0.001249,16.68111085,Lung,-0.03
62,1,0.001249,15.04373928,Lung,-0.03
63,1,0.001249,13.85952685,Lung,-0.03
64,1,0.001249,12.96128561,Lung,-0.03
65,1,0.001978,11.72715362,Lung,-0.03
66,1,0.001978,10.72098546,Lung,-0.03
67,1,0.001978,10.06574394,Lung,-0.03
68,1,0.001978,9.168100761,Lung,-0.03
69,1,0.001978,8.439377591,Lung,-0.03
70,1,0.002781,7.765755687,Lung,-0.03
71,1,0.002781,7.248462485,Lung,-0.03
72,1,0.002781,6.732340329,Lung,-0.03
73,1,0.002781,6.011641214,Lung,-0.03
74,1,0.002781,5.54399084,Lung,-0.03
75,1,0.003405,5.03558945,Lung,-0.03
76,1,0.003405,4.628260435,Lung,-0.03
77,1,0.003405,4.232456922,Lung,-0.03
78,1,0.003405,3.870705244,Lung,-0.03
79,1,0.003405,3.586294675,Lung,-0.03
80,1,0.003382,2.78081445,Lung,-0.03
81,1,0.003382,2.605741345,Lung,-0.03
82,1,0.003382,2.441303644,Lung,-0.03
83,1,0.003382,2.290390541,Lung,-0.03
84,1,0.003382,2.141552511,Lung,-0.03
85,1,0.003276,2.017727145,Lung,-0.03
86,1,0.003276,1.897871678,Lung,-0.03
87,1,0.003276,1.805596429,Lung,-0.03
88,1,0.003276,1.717959237,Lung,-0.03
89,1,0.003276,1.639507188,Lung,-0.03
90,1,0.002577,1.604747888,Lung,-0.03
91,1,0.002577,1.539674323,Lung,-0.03
92,1,0.002577,1.493337428,Lung,-0.03
93,1,0.002577,1.440629651,Lung,-0.03
94,1,0.002577,1.401321905,Lung,-0.03
95,1,0.002577,1.363446212,Lung,-0.03
96,1,0.002577,1.33502899,Lung,-0.03
97,1,0.002577,1.311882401,Lung,-0.03
98,1,0.002577,1.292325269,Lung,-0.03
99,1,0.002577,1.261022195,Lung,-0.03
100,1,0.002577,1.246624019,Lung,-0.03
18,2,0,1625.390244,Stomach,-0.073
19,2,0,1649.514851,Stomach,-0.073
20,2,0.000002,1882.355932,Stomach,-0.073
21,2,0.000002,1708.692308,Stomach,-0.073
22,2,0.000002,1436.344828,Stomach,-0.073
23,2,0.000002,1666,Stomach,-0.073
24,2,0.000002,1549.837209,Stomach,-0.073
25,2,0.000003,1327.693227,Stomach,-0.073
26,2,0.000003,1317.205534,Stomach,-0.073
27,2,0.000003,1149.275862,Stomach,-0.073
28,2,0.000003,1114.712375,Stomach,-0.073
29,2,0.000003,1048.169811,Stomach,-0.073
30,2,0.000006,891.3743316,Stomach,-0.073
31,2,0.000006,910.8360656,Stomach,-0.073
32,2,0.000006,763.01373,Stomach,-0.073
33,2,0.000006,706.5084746,Stomach,-0.073
34,2,0.000006,607.557377,Stomach,-0.073
35,2,0.000012,595.6428571,Stomach,-0.073
36,2,0.000012,533.8,Stomach,-0.073
37,2,0.000012,460.9447514,Stomach,-0.073
38,2,0.000012,440.8943197,Stomach,-0.073
39,2,0.000012,421.9860936,Stomach,-0.073
40,2,0.000025,367.3133098,Stomach,-0.073
41,2,0.000025,330.7985154,Stomach,-0.073
42,2,0.000025,294.9508507,Stomach,-0.073
43,2,0.000025,271.670148,Stomach,-0.073
44,2,0.000025,240.2307692,Stomach,-0.073
45,2,0.000043,220.4777699,Stomach,-0.073
46,2,0.000043,204.002611,Stomach,-0.073
47,2,0.000043,187.5626875,Stomach,-0.073
48,2,0.000043,165.2027455,Stomach,-0.073
49,2,0.000043,157.4386318,Stomach,-0.073
50,2,0.000081,145.3155452,Stomach,-0.073
51,2,0.000081,131.7271963,Stomach,-0.073
52,2,0.000081,125.1021548,Stomach,-0.073
53,2,0.000081,116.9582401,Stomach,-0.073
54,2,0.000081,110.6614951,Stomach,-0.073
55,2,0.000126,99.48005066,Stomach,-0.073
56,2,0.000126,89.42763719,Stomach,-0.073
57,2,0.000126,83.20988633,Stomach,-0.073
58,2,0.000126,74.87173397,Stomach,-0.073
59,2,0.000126,70.38866577,Stomach,-0.073
60,2,0.000206,52.35831846,Stomach,-0.073
61,2,0.000206,48.75073746,Stomach,-0.073
62,2,0.000206,42.53969527,Stomach,-0.073
63,2,0.000206,40.08254112,Stomach,-0.073
64,2,0.000206,37.52517275,Stomach,-0.073
65,2,0.000307,34.19661625,Stomach,-0.073
66,2,0.000307,31.61465721,Stomach,-0.073
67,2,0.000307,29.16135696,Stomach,-0.073
68,2,0.000307,26.05562542,Stomach,-0.073
69,2,0.000307,24.58619434,Stomach,-0.073
70,2,0.00046,21.57051025,Stomach,-0.073
71,2,0.00046,20.38072526,Stomach,-0.073
72,2,0.00046,18.07577375,Stomach,-0.073
73,2,0.00046,16.25989509,Stomach,-0.073
74,2,0.00046,14.41719078,Stomach,-0.073
75,2,0.000718,13.1916373,Stomach,-0.073
76,2,0.000718,11.81355073,Stomach,-0.073
77,2,0.000718,10.41487992,Stomach,-0.073
78,2,0.000718,9.39729712,Stomach,-0.073
79,2,0.000718,8.338818336,Stomach,-0.073
80,2,0.00095,6.75959502,Stomach,-0.073
81,2,0.00095,6.088652078,Stomach,-0.073
82,2,0.00095,5.535839232,Stomach,-0.073
83,2,0.00095,4.980436956,Stomach,-0.073
84,2,0.00095,4.493217206,Stomach,-0.073
85,2,0.001089,4.071202314,Stomach,-0.073
86,2,0.001089,3.681642175,Stomach,-0.073
87,2,0.001089,3.35878993,Stomach,-0.073
88,2,0.001089,3.091657756,Stomach,-0.073
89,2,0.001089,2.858132036,Stomach,-0.073
90,2,0.000988,2.655321897,Stomach,-0.073
91,2,0.000988,2.469851565,Stomach,-0.073
92,2,0.000988,2.3149903,Stomach,-0.073
93,2,0.000988,2.184796353,Stomach,-0.073
94,2,0.000988,2.082971129,Stomach,-0.073
95,2,0.000988,1.977320039,Stomach,-0.073
96,2,0.000988,1.885862743,Stomach,-0.073
97,2,0.000988,1.804679409,Stomach,-0.073
98,2,0.000988,1.747078688,Stomach,-0.073
99,2,0.000988,1.698308715,Stomach,-0.073
100,2,0.000988,1.639292707,Stomach,-0.073
18,1,0,931.2949062,Stomach,-0.073
19,1,0,837.1445783,Stomach,-0.073
20,1,0.000002,663.2137405,Stomach,-0.073
21,1,0.000002,734.615222,Stomach,-0.073
22,1,0.000002,750.4600432,Stomach,-0.073
23,1,0.000002,726.9414226,Stomach,-0.073
24,1,0.000002,676.0972763,Stomach,-0.073
25,1,0.000003,643.5925926,Stomach,-0.073
26,1,0.000003,612.9929453,Stomach,-0.073
27,1,0.000003,594.1623932,Stomach,-0.073
28,1,0.000003,552.6693164,Stomach,-0.073
29,1,0.000003,529.1582953,Stomach,-0.073
30,1,0.000007,476.3424658,Stomach,-0.073
31,1,0.000007,447.0154242,Stomach,-0.073
32,1,0.000007,448.7419355,Stomach,-0.073
33,1,0.000007,391.7657658,Stomach,-0.073
34,1,0.000007,379.4078517,Stomach,-0.073
35,1,0.000011,351.5050505,Stomach,-0.073
36,1,0.000011,333.6941515,Stomach,-0.073
37,1,0.000011,277.0540971,Stomach,-0.073
38,1,0.000011,283.1138211,Stomach,-0.073
39,1,0.000011,256.334805,Stomach,-0.073
40,1,0.000016,234.512786,Stomach,-0.073
41,1,0.000016,221.177665,Stomach,-0.073
42,1,0.000016,202.9790454,Stomach,-0.073
43,1,0.000016,185.771033,Stomach,-0.073
44,1,0.000016,168.3095468,Stomach,-0.073
45,1,0.000028,151.4117902,Stomach,-0.073
46,1,0.000028,143.2131148,Stomach,-0.073
47,1,0.000028,132.5390447,Stomach,-0.073
48,1,0.000028,123.3554302,Stomach,-0.073
49,1,0.000028,111.3338633,Stomach,-0.073
50,1,0.000041,87.74065421,Stomach,-0.073
51,1,0.000041,81.46599837,Stomach,-0.073
52,1,0.000041,76.76530612,Stomach,-0.073
53,1,0.000041,70.4411971,Stomach,-0.073
54,1,0.000041,65.86132343,Stomach,-0.073
55,1,0.000062,61.76104746,Stomach,-0.073
56,1,0.000062,55.73645411,Stomach,-0.073
57,1,0.000062,51.49302958,Stomach,-0.073
58,1,0.000062,46.5311973,Stomach,-0.073
59,1,0.000062,43.21748401,Stomach,-0.073
60,1,0.000087,32.17692907,Stomach,-0.073
61,1,0.000087,29.72875269,Stomach,-0.073
62,1,0.000087,26.72898799,Stomach,-0.073
63,1,0.000087,24.5594385,Stomach,-0.073
64,1,0.000087,22.9138057,Stomach,-0.073
65,1,0.000122,20.65280052,Stomach,-0.073
66,1,0.000122,18.809439,Stomach,-0.073
67,1,0.000122,17.60899654,Stomach,-0.073
68,1,0.000122,15.96445941,Stomach,-0.073
69,1,0.000122,14.62939406,Stomach,-0.073
70,1,0.000176,13.25294337,Stomach,-0.073
71,1,0.000176,12.31611316,Stomach,-0.073
72,1,0.000176,11.38140375,Stomach,-0.073
73,1,0.000176,10.07620062,Stomach,-0.073
74,1,0.000176,9.22927475,Stomach,-0.073
75,1,0.00031,8.308547823,Stomach,-0.073
76,1,0.00031,7.570865354,Stomach,-0.073
77,1,0.00031,6.854055843,Stomach,-0.073
78,1,0.00031,6.198915009,Stomach,-0.073
79,1,0.00031,5.683840749,Stomach,-0.073
80,1,0.000404,4.5616289,Stomach,-0.073
81,1,0.000404,4.211482689,Stomach,-0.073
82,1,0.000404,3.882607289,Stomach,-0.073
83,1,0.000404,3.580781081,Stomach,-0.073
84,1,0.000404,3.283105023,Stomach,-0.073
85,1,0.00048,3.035454291,Stomach,-0.073
86,1,0.00048,2.795743355,Stomach,-0.073
87,1,0.00048,2.611192858,Stomach,-0.073
88,1,0.00048,2.435918475,Stomach,-0.073
89,1,0.00048,2.279014376,Stomach,-0.073
90,1,0.000422,2.209495776,Stomach,-0.073
91,1,0.000422,2.079348646,Stomach,-0.073
92,1,0.000422,1.986674855,Stomach,-0.073
93,1,0.000422,1.881259302,Stomach,-0.073
94,1,0.000422,1.80264381,Stomach,-0.073
95,1,0.000422,1.726892424,Stomach,-0.073
96,1,0.000422,1.670057981,Stomach,-0.073
97,1,0.000422,1.623764802,Stomach,-0.073
98,1,0.000422,1.584650537,Stomach,-0.073
99,1,0.000422,1.52204439,Stomach,-0.073
100,1,0.000422,1.493248038,Stomach,-0.073
18,2,2.84E-04,11.64649825,COPD,-0.02
19,2,2.84E-04,11.80461456,COPD,-0.02
20,2,4.01E-04,13.11697154,COPD,-0.02
21,2,4.01E-04,11.99848186,COPD,-0.02
22,2,4.01E-04,10.24441363,COPD,-0.02
23,2,4.01E-04,11.72351981,COPD,-0.02
24,2,4.01E-04,10.97536727,COPD,-0.02
25,2,4.09E-04,13.53994184,COPD,-0.02
26,2,4.09E-04,13.44081186,COPD,-0.02
27,2,4.09E-04,11.85353587,COPD,-0.02
28,2,4.09E-04,11.52684081,COPD,-0.02
29,2,4.09E-04,10.89787862,COPD,-0.02
30,2,4.05E-04,16.01811556,COPD,-0.02
31,2,4.05E-04,16.34638038,COPD,-0.02
32,2,4.05E-04,13.85303254,COPD,-0.02
33,2,4.05E-04,12.8999475,COPD,-0.02
34,2,4.05E-04,11.23092026,COPD,-0.02
35,2,4.25E-04,19.46118021,COPD,-0.02
36,2,4.25E-04,17.54121747,COPD,-0.02
37,2,4.25E-04,15.27936591,COPD,-0.02
38,2,4.25E-04,14.65688364,COPD,-0.02
39,2,4.25E-04,14.0698621,COPD,-0.02
40,2,0.001887673,7.240016075,COPD,-0.02
41,2,0.001887673,6.618000,COPD,-0.02
42,2,0.001887673,6.007347493,COPD,-0.02
43,2,0.001887673,5.610769058,COPD,-0.02
44,2,0.001887673,5.075210498,COPD,-0.02
45,2,0.003707765,5.557237602,COPD,-0.02
46,2,0.003707765,5.215147312,COPD,-0.02
47,2,0.003707765,4.873788651,COPD,-0.02
48,2,0.003707765,4.409506696,COPD,-0.02
49,2,0.003707765,4.248292596,COPD,-0.02
50,2,0.00406716,9.52649104,COPD,-0.02
51,2,0.00406716,8.723660442,COPD,-0.02
52,2,0.00406716,8.332237906,COPD,-0.02
53,2,0.00406716,7.85107688,COPD,-0.02
54,2,0.00406716,7.479050843,COPD,-0.02
55,2,0.004089846,13.44487948,COPD,-0.02
56,2,0.004089846,12.17456054,COPD,-0.02
57,2,0.004089846,11.38882617,COPD,-0.02
58,2,0.004089846,10.33513763,COPD,-0.02
59,2,0.004089846,9.768614326,COPD,-0.02
60,2,0.008223542,10.60362581,COPD,-0.02
61,2,0.008223542,9.92903484,COPD,-0.02
62,2,0.008223542,8.767615873,COPD,-0.02
63,2,0.008223542,8.308146216,COPD,-0.02
64,2,0.008223542,7.82993724,COPD,-0.02
65,2,0.013018056,8.490730099,COPD,-0.02
66,2,0.013018056,7.908117758,COPD,-0.02
67,2,0.013018056,7.35453694,COPD,-0.02
68,2,0.013018056,6.653736697,COPD,-0.02
69,2,0.013018056,6.322163394,COPD,-0.02
70,2,0.016035013,8.273931505,COPD,-0.02
71,2,0.016035013,7.85321202,COPD,-0.02
72,2,0.016035013,7.038158857,COPD,-0.02
73,2,0.016035013,6.396046589,COPD,-0.02
74,2,0.016035013,5.74444851,COPD,-0.02
75,2,0.017493723,7.881797424,COPD,-0.02
76,2,0.017493723,7.103910716,COPD,-0.02
77,2,0.017493723,6.314404851,COPD,-0.02
78,2,0.017493723,5.740011228,COPD,-0.02
79,2,0.017493723,5.142533105,COPD,-0.02
80,2,0.020138741,6.421357916,COPD,-0.02
81,2,0.020138741,5.789816667,COPD,-0.02
82,2,0.020138741,5.269468225,COPD,-0.02
83,2,0.020138741,4.746682418,COPD,-0.02
84,2,0.020138741,4.288075062,COPD,-0.02
85,2,0.021477167,5.223913786,COPD,-0.02
86,2,0.021477167,4.688140407,COPD,-0.02
87,2,0.021477167,4.244112333,COPD,-0.02
88,2,0.021477167,3.876717692,COPD,-0.02
89,2,0.021477167,3.555542983,COPD,-0.02
90,2,0.021912894,4.494959102,COPD,-0.02
91,2,0.021912894,4.103366852,COPD,-0.02
92,2,0.021912894,3.776400968,COPD,-0.02
93,2,0.021912894,3.501516355,COPD,-0.02
94,2,0.021912894,3.286527962,COPD,-0.02
95,2,0.022342852,4.433049877,COPD,-0.02
96,2,0.022342852,4.111786168,COPD,-0.02
97,2,0.022342852,3.826611995,COPD,-0.02
98,2,0.022342852,3.624276893,COPD,-0.02
99,2,0.022342852,3.452961723,COPD,-0.02
100,2,0.022342852,3.245655119,COPD,-0.02
18,1,2.80E-04,6.219202862,COPD,-0.02
19,1,2.80E-04,5.690994379,COPD,-0.02
20,1,3.97E-04,5.209062994,COPD,-0.02
21,1,3.97E-04,5.662894311,COPD,-0.02
22,1,3.97E-04,5.763604771,COPD,-0.02
23,1,3.97E-04,5.614119266,COPD,-0.02
24,1,3.97E-04,5.290951379,COPD,-0.02
25,1,4.08E-04,8.364371196,COPD,-0.02
26,1,4.08E-04,8.013686853,COPD,-0.02
27,1,4.08E-04,7.797881104,COPD,-0.02
28,1,4.08E-04,7.32235365,COPD,-0.02
29,1,4.08E-04,7.052907832,COPD,-0.02
30,1,4.07E-04,11.19667734,COPD,-0.02
31,1,4.07E-04,10.56757642,COPD,-0.02
32,1,4.07E-04,10.6046122,COPD,-0.02
33,1,4.07E-04,9.382403668,COPD,-0.02
34,1,4.07E-04,9.117311295,COPD,-0.02
35,1,4.27E-04,15.68604063,COPD,-0.02
36,1,4.27E-04,14.93977011,COPD,-0.02
37,1,4.27E-04,12.56657138,COPD,-0.02
38,1,4.27E-04,12.82047173,COPD,-0.02
39,1,4.27E-04,11.69844019,COPD,-0.02
40,1,0.00195657,5.963463995,COPD,-0.02
41,1,0.00195657,5.680017447,COPD,-0.02
42,1,0.00195657,5.293194119,COPD,-0.02
43,1,0.00195657,4.927426782,COPD,-0.02
44,1,0.00195657,4.556271696,COPD,-0.02
45,1,0.003772695,4.586383553,COPD,-0.02
46,1,0.003772695,4.390896253,COPD,-0.02
47,1,0.003772695,4.136386223,COPD,-0.02
48,1,0.003772695,3.917414266,COPD,-0.02
49,1,0.003772695,3.630774835,COPD,-0.02
50,1,0.004068194,7.557643265,COPD,-0.02
51,1,0.004068194,7.083275681,COPD,-0.02
52,1,0.004068194,6.727900648,COPD,-0.02
53,1,0.004068194,6.249794375,COPD,-0.02
54,1,0.004068194,5.903553295,COPD,-0.02
55,1,0.004097894,10.71230734,COPD,-0.02
56,1,0.004097894,9.749310408,COPD,-0.02
57,1,0.004097894,9.071023168,COPD,-0.02
58,1,0.004097894,8.277902541,COPD,-0.02
59,1,0.004097894,7.748224346,COPD,-0.02
60,1,0.008566937,8.703478792,COPD,-0.02
61,1,0.008566937,8.098561137,COPD,-0.02
62,1,0.008566937,7.35735203,COPD,-0.02
63,1,0.008566937,6.821280037,COPD,-0.02
64,1,0.008566937,6.414662138,COPD,-0.02
65,1,0.013435224,7.053379407,COPD,-0.02
66,1,0.013435224,6.48559434,COPD,-0.02
67,1,0.013435224,6.115838707,COPD,-0.02
68,1,0.013435224,5.609294757,COPD,-0.02
69,1,0.013435224,5.198073106,COPD,-0.02
70,1,0.016317668,7.424072445,COPD,-0.02
71,1,0.016317668,6.932903512,COPD,-0.02
72,1,0.016317668,6.442846485,COPD,-0.02
73,1,0.016317668,5.758544015,COPD,-0.02
74,1,0.016317668,5.314510855,COPD,-0.02
75,1,0.017724441,7.26702163,COPD,-0.02
76,1,0.017724441,6.63446478,COPD,-0.02
77,1,0.017724441,6.019806325,COPD,-0.02
78,1,0.017724441,5.458028271,COPD,-0.02
79,1,0.017724441,5.01635619,COPD,-0.02
80,1,0.020537121,6.376715731,COPD,-0.02
81,1,0.020537121,5.848127073,COPD,-0.02
82,1,0.020537121,5.351649313,COPD,-0.02
83,1,0.020537121,4.896005627,COPD,-0.02
84,1,0.020537121,4.446627101,COPD,-0.02
85,1,0.021981407,5.904014485,COPD,-0.02
86,1,0.021981407,5.32647958,COPD,-0.02
87,1,0.021981407,4.88184257,COPD,-0.02
88,1,0.021981407,4.459554475,COPD,-0.02
89,1,0.021981407,4.081525856,COPD,-0.02
90,1,0.022440036,5.54811713,COPD,-0.02
91,1,0.022440036,5.05871948,COPD,-0.02
92,1,0.022440036,4.710234381,COPD,-0.02
93,1,0.022440036,4.313835902,COPD,-0.02
94,1,0.022440036,4.01821481,COPD,-0.02
95,1,0.023102852,5.129954077,COPD,-0.02
96,1,0.023102852,4.807040215,COPD,-0.02
97,1,0.023102852,4.544018214,COPD,-0.02
98,1,0.023102852,4.321784339,COPD,-0.02
99,1,0.023102852,3.966077628,COPD,-0.02
100,1,0.023102852,3.802466611,COPD,-0.02
